{
  "Authoken": [],
  "CreatorBack": ["ud4d20bd993125023b775915f1645a238"],
  "BuyerBack": [],
  "OwnerBack": [],
  "MasterBack": [],
  "AdminBack": [],
  "ResponBack": "TEAM TERMUX",
  "RnameBack": "!",
  "SnameBack": "/",
  "BotBack": [],
  "Dalltime": "2025-12-1T00:00:00Z",
  "Logobot": "🔴",
  "SellerBack": [],
  "BanBack": [],
  "FuckBack": [],
  "LockBack": [],
  "MLimit": " Limit Bosku 🔴",
  "MFfresh": " Fresh Bosku 🟢",
  "MuteBack": [],
  "AnnunceBack": [],
  "ProNameBack": [],
  "ProPictureBack": [],
  "ProNoteBack": [],
  "ProAlbumBack": [],
  "ProQrBack": [],
  "ProjoinBack": [],
  "ProInviteBack": [],
  "ProCancelBack": [],
  "ProkickBack": [],
  "GbanBack": {},
  "GadminBack": {},
  "GownerBack": {},
  "TimeBanBack": {}
}