{
  "Authoken": [],
  "CreatorBack": [],
  "BuyerBack": [],
  "OwnerBack": [],
  "MasterBack": [],
  "AdminBack": [],
  "ResponBack": "𝗧𝗘𝗔𝗠 𝗧𝗘𝗥𝗠𝗨𝗫",
  "RnameBack": "x",
  "SnameBack": "/",
  "BotBack": [],
  "Dalltime": "2025-12-1T00:00:00Z",
  "Logobot": "▪︎",
  "SellerBack": [],
  "BanBack": [],
  "FuckBack": [],
  "MLimit": "Limit ❌",
  "MFfresh": "Fresh ✅",
  "Fteam": "𝗧𝗘𝗔𝗠 𝗧𝗘𝗥𝗠𝗨𝗫",
  "MuteBack": [],
  "AnnunceBack": [],
  "ProNameBack": [],
  "ProPictureBack": [],
  "ProNoteBack": [],
  "ProAlbumBack": [],
  "ProQrBack": [],
  "ProjoinBack": [],
  "ProInviteBack": [],
  "ProCancelBack": [],
  "ProkickBack": [],
  "GbanBack": {},
  "GadminBack": {},
  "GownerBack": {},
  "TimeBanBack": {},
  "AutoAjs": 0,
  "RangeAjs": 0
}